images,category
Orange\Orange_177.jpg,Orange
Orange\Orange_318.jpg,Orange
Orange\Orange_473.jpg,Orange
Orange\Orange_202.jpg,Orange
Orange\Orange_412.jpg,Orange
Pommes\Apple Braeburn_339.jpg,Pommes
Pommes\Apple Braeburn_62.jpg,Pommes
Pommes\Apple Braeburn_154.jpg,Pommes
Bananes\Banana_48.jpg,Bananes
Orange\Orange_465.jpg,Orange
Bananes\Banana_376.jpg,Bananes
Pommes\Apple Braeburn_404.jpg,Pommes
Bananes\Banana_337.jpg,Bananes
Bananes\Banana_27.jpg,Bananes
Bananes\Banana_313.jpg,Bananes
Bananes\Banana_114.jpg,Bananes
Pommes\Apple Braeburn_16.jpg,Pommes
Orange\Orange_148.jpg,Orange
Pommes\Apple Braeburn_359.jpg,Pommes
Orange\Orange_170.jpg,Orange
Orange\Orange_89.jpg,Orange
Bananes\Banana_110.jpg,Bananes
Orange\Orange_43.jpg,Orange
Bananes\Banana_157.jpg,Bananes
Pommes\Apple Braeburn_214.jpg,Pommes
Bananes\Banana_59.jpg,Bananes
Pommes\Apple Braeburn_323.jpg,Pommes
Orange\Orange_150.jpg,Orange
Pommes\Apple Braeburn_71.jpg,Pommes
Pommes\Apple Braeburn_237.jpg,Pommes
Pommes\Apple Braeburn_209.jpg,Pommes
Orange\Orange_407.jpg,Orange
Orange\Orange_476.jpg,Orange
Pommes\Apple Braeburn_40.jpg,Pommes
Pommes\Apple Braeburn_243.jpg,Pommes
Orange\Orange_153.jpg,Orange
Orange\Orange_126.jpg,Orange
Orange\Orange_70.jpg,Orange
Pommes\Apple Braeburn_418.jpg,Pommes
Orange\Orange_189.jpg,Orange
Orange\Orange_156.jpg,Orange
Orange\Orange_392.jpg,Orange
Bananes\Banana_309.jpg,Bananes
Bananes\Banana_247.jpg,Bananes
Orange\Orange_22.jpg,Orange
Orange\Orange_36.jpg,Orange
Pommes\Apple Braeburn_388.jpg,Pommes
Pommes\Apple Braeburn_50.jpg,Pommes
Pommes\Apple Braeburn_483.jpg,Pommes
Bananes\Banana_40.jpg,Bananes
Bananes\Banana_239.jpg,Bananes
Pommes\Apple Braeburn_194.jpg,Pommes
Pommes\Apple Braeburn_365.jpg,Pommes
Orange\Orange_384.jpg,Orange
Pommes\Apple Braeburn_378.jpg,Pommes
Bananes\Banana_455.jpg,Bananes
Bananes\Banana_483.jpg,Bananes
Orange\Orange_56.jpg,Orange
Orange\Orange_164.jpg,Orange
Orange\Orange_152.jpg,Orange
Pommes\Apple Braeburn_457.jpg,Pommes
Orange\Orange_338.jpg,Orange
Bananes\Banana_17.jpg,Bananes
Pommes\Apple Braeburn_401.jpg,Pommes
Bananes\Banana_319.jpg,Bananes
Orange\Orange_197.jpg,Orange
Bananes\Banana_369.jpg,Bananes
Orange\Orange_409.jpg,Orange
Bananes\Banana_0.jpg,Bananes
Bananes\Banana_386.jpg,Bananes
Bananes\Banana_35.jpg,Bananes
Pommes\Apple Braeburn_119.jpg,Pommes
Pommes\Apple Braeburn_20.jpg,Pommes
Bananes\Banana_424.jpg,Bananes
Bananes\Banana_9.jpg,Bananes
Orange\Orange_65.jpg,Orange
Orange\Orange_10.jpg,Orange
Orange\Orange_369.jpg,Orange
Bananes\Banana_22.jpg,Bananes
Bananes\Banana_296.jpg,Bananes
Bananes\Banana_131.jpg,Bananes
Orange\Orange_420.jpg,Orange
Bananes\Banana_33.jpg,Bananes
Bananes\Banana_240.jpg,Bananes
Bananes\Banana_371.jpg,Bananes
Orange\Orange_314.jpg,Orange
Orange\Orange_341.jpg,Orange
Orange\Orange_210.jpg,Orange
Orange\Orange_92.jpg,Orange
Bananes\Banana_128.jpg,Bananes
Bananes\Banana_385.jpg,Bananes
Bananes\Banana_433.jpg,Bananes
Bananes\Banana_456.jpg,Bananes
Pommes\Apple Braeburn_7.jpg,Pommes
Orange\Orange_305.jpg,Orange
Orange\Orange_6.jpg,Orange
Pommes\Apple Braeburn_442.jpg,Pommes
Orange\Orange_175.jpg,Orange
Pommes\Apple Braeburn_431.jpg,Pommes
Bananes\Banana_212.jpg,Bananes
Orange\Orange_88.jpg,Orange
Orange\Orange_331.jpg,Orange
Orange\Orange_336.jpg,Orange
Orange\Orange_423.jpg,Orange
Pommes\Apple Braeburn_362.jpg,Pommes
Pommes\Apple Braeburn_184.jpg,Pommes
Orange\Orange_212.jpg,Orange
Pommes\Apple Braeburn_474.jpg,Pommes
Pommes\Apple Braeburn_250.jpg,Pommes
Pommes\Apple Braeburn_330.jpg,Pommes
Pommes\Apple Braeburn_460.jpg,Pommes
Orange\Orange_140.jpg,Orange
Pommes\Apple Braeburn_23.jpg,Pommes
Bananes\Banana_216.jpg,Bananes
Bananes\Banana_339.jpg,Bananes
Orange\Orange_16.jpg,Orange
Bananes\Banana_488.jpg,Bananes
Orange\Orange_466.jpg,Orange
Pommes\Apple Braeburn_196.jpg,Pommes
Pommes\Apple Braeburn_410.jpg,Pommes
Pommes\Apple Braeburn_147.jpg,Pommes
Pommes\Apple Braeburn_354.jpg,Pommes
Bananes\Banana_138.jpg,Bananes
Pommes\Apple Braeburn_389.jpg,Pommes
Pommes\Apple Braeburn_375.jpg,Pommes
Orange\Orange_200.jpg,Orange
Bananes\Banana_129.jpg,Bananes
Orange\Orange_233.jpg,Orange
Bananes\Banana_419.jpg,Bananes
Bananes\Banana_450.jpg,Bananes
Pommes\Apple Braeburn_216.jpg,Pommes
Bananes\Banana_366.jpg,Bananes
Bananes\Banana_452.jpg,Bananes
Bananes\Banana_111.jpg,Bananes
Orange\Orange_300.jpg,Orange
Bananes\Banana_374.jpg,Bananes
Pommes\Apple Braeburn_200.jpg,Pommes
Pommes\Apple Braeburn_227.jpg,Pommes
Pommes\Apple Braeburn_174.jpg,Pommes
Pommes\Apple Braeburn_240.jpg,Pommes
Bananes\Banana_356.jpg,Bananes
Orange\Orange_263.jpg,Orange
Pommes\Apple Braeburn_130.jpg,Pommes
Pommes\Apple Braeburn_26.jpg,Pommes
Pommes\Apple Braeburn_34.jpg,Pommes
Orange\Orange_195.jpg,Orange
Bananes\Banana_118.jpg,Bananes
Bananes\Banana_378.jpg,Bananes
Orange\Orange_25.jpg,Orange
Orange\Orange_107.jpg,Orange
Orange\Orange_250.jpg,Orange
Bananes\Banana_423.jpg,Bananes
Bananes\Banana_399.jpg,Bananes
Orange\Orange_232.jpg,Orange
Orange\Orange_393.jpg,Orange
Bananes\Banana_267.jpg,Bananes
Pommes\Apple Braeburn_142.jpg,Pommes
Orange\Orange_207.jpg,Orange
Orange\Orange_191.jpg,Orange
Bananes\Banana_76.jpg,Bananes
Bananes\Banana_360.jpg,Bananes
Orange\Orange_294.jpg,Orange
Pommes\Apple Braeburn_429.jpg,Pommes
Pommes\Apple Braeburn_131.jpg,Pommes
Bananes\Banana_47.jpg,Bananes
Orange\Orange_329.jpg,Orange
Pommes\Apple Braeburn_222.jpg,Pommes
Bananes\Banana_150.jpg,Bananes
Orange\Orange_389.jpg,Orange
Orange\Orange_172.jpg,Orange
Bananes\Banana_489.jpg,Bananes
Bananes\Banana_382.jpg,Bananes
Orange\Orange_58.jpg,Orange
Orange\Orange_196.jpg,Orange
Pommes\Apple Braeburn_288.jpg,Pommes
Orange\Orange_289.jpg,Orange
Pommes\Apple Braeburn_218.jpg,Pommes
Bananes\Banana_36.jpg,Bananes
Orange\Orange_38.jpg,Orange
Bananes\Banana_320.jpg,Bananes
Pommes\Apple Braeburn_303.jpg,Pommes
Orange\Orange_33.jpg,Orange
Bananes\Banana_25.jpg,Bananes
Orange\Orange_283.jpg,Orange
Pommes\Apple Braeburn_428.jpg,Pommes
Orange\Orange_327.jpg,Orange
Pommes\Apple Braeburn_372.jpg,Pommes
Orange\Orange_438.jpg,Orange
Orange\Orange_293.jpg,Orange
Pommes\Apple Braeburn_224.jpg,Pommes
Orange\Orange_397.jpg,Orange
Bananes\Banana_102.jpg,Bananes
Orange\Orange_316.jpg,Orange
Orange\Orange_324.jpg,Orange
Bananes\Banana_217.jpg,Bananes
Orange\Orange_82.jpg,Orange
Bananes\Banana_394.jpg,Bananes
Bananes\Banana_484.jpg,Bananes
Pommes\Apple Braeburn_488.jpg,Pommes
Bananes\Banana_134.jpg,Bananes
Pommes\Apple Braeburn_329.jpg,Pommes
Pommes\Apple Braeburn_43.jpg,Pommes
Orange\Orange_143.jpg,Orange
Pommes\Apple Braeburn_285.jpg,Pommes
Bananes\Banana_238.jpg,Bananes
Bananes\Banana_109.jpg,Bananes
Bananes\Banana_21.jpg,Bananes
Pommes\Apple Braeburn_3.jpg,Pommes
Pommes\Apple Braeburn_301.jpg,Pommes
Pommes\Apple Braeburn_475.jpg,Pommes
Bananes\Banana_431.jpg,Bananes
Orange\Orange_264.jpg,Orange
Bananes\Banana_473.jpg,Bananes
Bananes\Banana_178.jpg,Bananes
Orange\Orange_478.jpg,Orange
Pommes\Apple Braeburn_273.jpg,Pommes
Pommes\Apple Braeburn_407.jpg,Pommes
Bananes\Banana_336.jpg,Bananes
Bananes\Banana_63.jpg,Bananes
Pommes\Apple Braeburn_281.jpg,Pommes
Pommes\Apple Braeburn_367.jpg,Pommes
Bananes\Banana_92.jpg,Bananes
Bananes\Banana_457.jpg,Bananes
Bananes\Banana_299.jpg,Bananes
Bananes\Banana_275.jpg,Bananes
Orange\Orange_113.jpg,Orange
Pommes\Apple Braeburn_422.jpg,Pommes
Pommes\Apple Braeburn_481.jpg,Pommes
Orange\Orange_313.jpg,Orange
Bananes\Banana_259.jpg,Bananes
Orange\Orange_280.jpg,Orange
Orange\Orange_97.jpg,Orange
Pommes\Apple Braeburn_197.jpg,Pommes
Orange\Orange_167.jpg,Orange
Pommes\Apple Braeburn_132.jpg,Pommes
Orange\Orange_325.jpg,Orange
Bananes\Banana_108.jpg,Bananes
Orange\Orange_180.jpg,Orange
Bananes\Banana_142.jpg,Bananes
Bananes\Banana_270.jpg,Bananes
Pommes\Apple Braeburn_360.jpg,Pommes
Orange\Orange_168.jpg,Orange
Orange\Orange_367.jpg,Orange
Bananes\Banana_414.jpg,Bananes
Orange\Orange_135.jpg,Orange
Bananes\Banana_348.jpg,Bananes
Pommes\Apple Braeburn_449.jpg,Pommes
Pommes\Apple Braeburn_454.jpg,Pommes
Orange\Orange_79.jpg,Orange
Pommes\Apple Braeburn_120.jpg,Pommes
Orange\Orange_287.jpg,Orange
Bananes\Banana_10.jpg,Bananes
Orange\Orange_361.jpg,Orange
Orange\Orange_373.jpg,Orange
Pommes\Apple Braeburn_122.jpg,Pommes
Pommes\Apple Braeburn_269.jpg,Pommes
Pommes\Apple Braeburn_392.jpg,Pommes
Bananes\Banana_99.jpg,Bananes
Bananes\Banana_60.jpg,Bananes
Orange\Orange_105.jpg,Orange
Orange\Orange_382.jpg,Orange
Pommes\Apple Braeburn_300.jpg,Pommes
Pommes\Apple Braeburn_370.jpg,Pommes
Bananes\Banana_331.jpg,Bananes
Pommes\Apple Braeburn_72.jpg,Pommes
Bananes\Banana_257.jpg,Bananes
Orange\Orange_155.jpg,Orange
Pommes\Apple Braeburn_54.jpg,Pommes
Orange\Orange_15.jpg,Orange
Orange\Orange_282.jpg,Orange
Pommes\Apple Braeburn_2.jpg,Pommes
Pommes\Apple Braeburn_443.jpg,Pommes
Orange\Orange_41.jpg,Orange
Bananes\Banana_61.jpg,Bananes
Bananes\Banana_211.jpg,Bananes
Orange\Orange_76.jpg,Orange
Orange\Orange_253.jpg,Orange
Bananes\Banana_311.jpg,Bananes
Bananes\Banana_454.jpg,Bananes
Orange\Orange_101.jpg,Orange
Orange\Orange_251.jpg,Orange
Bananes\Banana_286.jpg,Bananes
Pommes\Apple Braeburn_44.jpg,Pommes
Bananes\Banana_23.jpg,Bananes
Orange\Orange_48.jpg,Orange
Bananes\Banana_272.jpg,Bananes
Orange\Orange_118.jpg,Orange
Pommes\Apple Braeburn_60.jpg,Pommes
Bananes\Banana_191.jpg,Bananes
Bananes\Banana_281.jpg,Bananes
Bananes\Banana_152.jpg,Bananes
Bananes\Banana_304.jpg,Bananes
Orange\Orange_2.jpg,Orange
Pommes\Apple Braeburn_253.jpg,Pommes
Orange\Orange_240.jpg,Orange
Bananes\Banana_477.jpg,Bananes
Orange\Orange_388.jpg,Orange
Orange\Orange_0.jpg,Orange
Orange\Orange_356.jpg,Orange
Orange\Orange_62.jpg,Orange
Orange\Orange_259.jpg,Orange
Pommes\Apple Braeburn_254.jpg,Pommes
Orange\Orange_19.jpg,Orange
Bananes\Banana_94.jpg,Bananes
Pommes\Apple Braeburn_205.jpg,Pommes
Orange\Orange_375.jpg,Orange
Pommes\Apple Braeburn_278.jpg,Pommes
Orange\Orange_50.jpg,Orange
Orange\Orange_158.jpg,Orange
Orange\Orange_190.jpg,Orange
Pommes\Apple Braeburn_41.jpg,Pommes
Orange\Orange_1.jpg,Orange
Pommes\Apple Braeburn_139.jpg,Pommes
Bananes\Banana_322.jpg,Bananes
Pommes\Apple Braeburn_163.jpg,Pommes
Orange\Orange_362.jpg,Orange
Bananes\Banana_411.jpg,Bananes
Bananes\Banana_323.jpg,Bananes
Pommes\Apple Braeburn_297.jpg,Pommes
Pommes\Apple Braeburn_51.jpg,Pommes
Orange\Orange_225.jpg,Orange
Bananes\Banana_1.jpg,Bananes
Pommes\Apple Braeburn_274.jpg,Pommes
Bananes\Banana_18.jpg,Bananes
Bananes\Banana_151.jpg,Bananes
Pommes\Apple Braeburn_432.jpg,Pommes
Orange\Orange_260.jpg,Orange
Pommes\Apple Braeburn_5.jpg,Pommes
Pommes\Apple Braeburn_225.jpg,Pommes
Pommes\Apple Braeburn_121.jpg,Pommes
Pommes\Apple Braeburn_395.jpg,Pommes
Bananes\Banana_186.jpg,Bananes
Bananes\Banana_406.jpg,Bananes
Orange\Orange_23.jpg,Orange
Pommes\Apple Braeburn_312.jpg,Pommes
Pommes\Apple Braeburn_465.jpg,Pommes
Bananes\Banana_381.jpg,Bananes
Pommes\Apple Braeburn_21.jpg,Pommes
Pommes\Apple Braeburn_258.jpg,Pommes
Bananes\Banana_474.jpg,Bananes
Bananes\Banana_204.jpg,Bananes
Orange\Orange_330.jpg,Orange
Bananes\Banana_123.jpg,Bananes
Pommes\Apple Braeburn_141.jpg,Pommes
Bananes\Banana_466.jpg,Bananes
Bananes\Banana_375.jpg,Bananes
Pommes\Apple Braeburn_226.jpg,Pommes
Bananes\Banana_404.jpg,Bananes
Orange\Orange_198.jpg,Orange
Bananes\Banana_42.jpg,Bananes
Orange\Orange_308.jpg,Orange
Bananes\Banana_252.jpg,Bananes
Orange\Orange_132.jpg,Orange
Pommes\Apple Braeburn_69.jpg,Pommes
Pommes\Apple Braeburn_319.jpg,Pommes
Bananes\Banana_213.jpg,Bananes
Bananes\Banana_449.jpg,Bananes
Bananes\Banana_175.jpg,Bananes
Orange\Orange_123.jpg,Orange
Bananes\Banana_357.jpg,Bananes
Bananes\Banana_246.jpg,Bananes
Pommes\Apple Braeburn_440.jpg,Pommes
Bananes\Banana_209.jpg,Bananes
Pommes\Apple Braeburn_228.jpg,Pommes
Orange\Orange_241.jpg,Orange
Orange\Orange_17.jpg,Orange
Pommes\Apple Braeburn_468.jpg,Pommes
Pommes\Apple Braeburn_39.jpg,Pommes
Bananes\Banana_352.jpg,Bananes
Orange\Orange_248.jpg,Orange
Orange\Orange_474.jpg,Orange
Orange\Orange_129.jpg,Orange
Pommes\Apple Braeburn_268.jpg,Pommes
Bananes\Banana_188.jpg,Bananes
Bananes\Banana_180.jpg,Bananes
Orange\Orange_351.jpg,Orange
Bananes\Banana_437.jpg,Bananes
Pommes\Apple Braeburn_83.jpg,Pommes
Orange\Orange_231.jpg,Orange
Bananes\Banana_401.jpg,Bananes
Bananes\Banana_236.jpg,Bananes
Bananes\Banana_50.jpg,Bananes
Pommes\Apple Braeburn_261.jpg,Pommes
Orange\Orange_31.jpg,Orange
Pommes\Apple Braeburn_56.jpg,Pommes
Pommes\Apple Braeburn_382.jpg,Pommes
Orange\Orange_169.jpg,Orange
Pommes\Apple Braeburn_363.jpg,Pommes
Bananes\Banana_391.jpg,Bananes
Orange\Orange_45.jpg,Orange
Bananes\Banana_445.jpg,Bananes
Bananes\Banana_358.jpg,Bananes
Orange\Orange_136.jpg,Orange
Bananes\Banana_280.jpg,Bananes
Pommes\Apple Braeburn_47.jpg,Pommes
Orange\Orange_302.jpg,Orange
Pommes\Apple Braeburn_294.jpg,Pommes
Bananes\Banana_77.jpg,Bananes
Orange\Orange_471.jpg,Orange
Bananes\Banana_70.jpg,Bananes
Orange\Orange_408.jpg,Orange
Bananes\Banana_5.jpg,Bananes
Bananes\Banana_300.jpg,Bananes
Orange\Orange_304.jpg,Orange
Bananes\Banana_221.jpg,Bananes
Pommes\Apple Braeburn_59.jpg,Pommes
Pommes\Apple Braeburn_305.jpg,Pommes
Orange\Orange_279.jpg,Orange
Bananes\Banana_447.jpg,Bananes
Bananes\Banana_328.jpg,Bananes
Bananes\Banana_57.jpg,Bananes
Orange\Orange_49.jpg,Orange
Bananes\Banana_167.jpg,Bananes
Orange\Orange_379.jpg,Orange
Bananes\Banana_206.jpg,Bananes
Pommes\Apple Braeburn_462.jpg,Pommes
Pommes\Apple Braeburn_95.jpg,Pommes
Bananes\Banana_407.jpg,Bananes
Orange\Orange_21.jpg,Orange
Orange\Orange_236.jpg,Orange
Pommes\Apple Braeburn_129.jpg,Pommes
Orange\Orange_257.jpg,Orange
Pommes\Apple Braeburn_105.jpg,Pommes
Pommes\Apple Braeburn_37.jpg,Pommes
Bananes\Banana_271.jpg,Bananes
Pommes\Apple Braeburn_350.jpg,Pommes
Bananes\Banana_141.jpg,Bananes
Bananes\Banana_345.jpg,Bananes
Orange\Orange_413.jpg,Orange
Bananes\Banana_155.jpg,Bananes
Pommes\Apple Braeburn_386.jpg,Pommes
Bananes\Banana_183.jpg,Bananes
Orange\Orange_363.jpg,Orange
Orange\Orange_328.jpg,Orange
Bananes\Banana_426.jpg,Bananes
Pommes\Apple Braeburn_117.jpg,Pommes
Bananes\Banana_31.jpg,Bananes
Pommes\Apple Braeburn_231.jpg,Pommes
Pommes\Apple Braeburn_391.jpg,Pommes
Orange\Orange_78.jpg,Orange
Pommes\Apple Braeburn_255.jpg,Pommes
Orange\Orange_85.jpg,Orange
Pommes\Apple Braeburn_100.jpg,Pommes
Pommes\Apple Braeburn_164.jpg,Pommes
Orange\Orange_176.jpg,Orange
Pommes\Apple Braeburn_346.jpg,Pommes
Pommes\Apple Braeburn_175.jpg,Pommes
Orange\Orange_426.jpg,Orange
Orange\Orange_430.jpg,Orange
Orange\Orange_440.jpg,Orange
Bananes\Banana_55.jpg,Bananes
Bananes\Banana_98.jpg,Bananes
Pommes\Apple Braeburn_219.jpg,Pommes
Pommes\Apple Braeburn_480.jpg,Pommes
Bananes\Banana_53.jpg,Bananes
Bananes\Banana_269.jpg,Bananes
Pommes\Apple Braeburn_133.jpg,Pommes
Orange\Orange_337.jpg,Orange
Pommes\Apple Braeburn_61.jpg,Pommes
Orange\Orange_20.jpg,Orange
Bananes\Banana_354.jpg,Bananes
Bananes\Banana_95.jpg,Bananes
Pommes\Apple Braeburn_448.jpg,Pommes
Bananes\Banana_365.jpg,Bananes
Bananes\Banana_154.jpg,Bananes
Orange\Orange_242.jpg,Orange
Bananes\Banana_179.jpg,Bananes
Orange\Orange_443.jpg,Orange
Orange\Orange_42.jpg,Orange
Orange\Orange_127.jpg,Orange
Pommes\Apple Braeburn_235.jpg,Pommes
Pommes\Apple Braeburn_438.jpg,Pommes
Bananes\Banana_409.jpg,Bananes
Orange\Orange_371.jpg,Orange
Bananes\Banana_184.jpg,Bananes
Bananes\Banana_170.jpg,Bananes
Pommes\Apple Braeburn_106.jpg,Pommes
Orange\Orange_157.jpg,Orange
Bananes\Banana_11.jpg,Bananes
Orange\Orange_306.jpg,Orange
Orange\Orange_130.jpg,Orange
Pommes\Apple Braeburn_296.jpg,Pommes
Pommes\Apple Braeburn_411.jpg,Pommes
Pommes\Apple Braeburn_232.jpg,Pommes
Bananes\Banana_408.jpg,Bananes
Orange\Orange_312.jpg,Orange
Pommes\Apple Braeburn_138.jpg,Pommes
Pommes\Apple Braeburn_151.jpg,Pommes
Orange\Orange_29.jpg,Orange
Bananes\Banana_85.jpg,Bananes
Pommes\Apple Braeburn_265.jpg,Pommes
Pommes\Apple Braeburn_334.jpg,Pommes
Orange\Orange_372.jpg,Orange
Pommes\Apple Braeburn_282.jpg,Pommes
Orange\Orange_415.jpg,Orange
Pommes\Apple Braeburn_470.jpg,Pommes
Orange\Orange_99.jpg,Orange
Pommes\Apple Braeburn_406.jpg,Pommes
Pommes\Apple Braeburn_13.jpg,Pommes
Orange\Orange_270.jpg,Orange
Bananes\Banana_159.jpg,Bananes
Orange\Orange_206.jpg,Orange
Bananes\Banana_467.jpg,Bananes
Orange\Orange_100.jpg,Orange
Bananes\Banana_469.jpg,Bananes
Orange\Orange_181.jpg,Orange
Bananes\Banana_248.jpg,Bananes
Orange\Orange_68.jpg,Orange
Pommes\Apple Braeburn_185.jpg,Pommes
Pommes\Apple Braeburn_88.jpg,Pommes
Bananes\Banana_166.jpg,Bananes
Bananes\Banana_116.jpg,Bananes
Pommes\Apple Braeburn_77.jpg,Pommes
Orange\Orange_276.jpg,Orange
Orange\Orange_141.jpg,Orange
Orange\Orange_406.jpg,Orange
Bananes\Banana_274.jpg,Bananes
Orange\Orange_347.jpg,Orange
Bananes\Banana_148.jpg,Bananes
Orange\Orange_431.jpg,Orange
Pommes\Apple Braeburn_75.jpg,Pommes
Bananes\Banana_479.jpg,Bananes
Bananes\Banana_82.jpg,Bananes
Bananes\Banana_103.jpg,Bananes
Bananes\Banana_298.jpg,Bananes
Pommes\Apple Braeburn_66.jpg,Pommes
Bananes\Banana_81.jpg,Bananes
Bananes\Banana_79.jpg,Bananes
Pommes\Apple Braeburn_385.jpg,Pommes
Pommes\Apple Braeburn_490.jpg,Pommes
Pommes\Apple Braeburn_211.jpg,Pommes
Pommes\Apple Braeburn_409.jpg,Pommes
Pommes\Apple Braeburn_373.jpg,Pommes
Pommes\Apple Braeburn_383.jpg,Pommes
Bananes\Banana_75.jpg,Bananes
Pommes\Apple Braeburn_473.jpg,Pommes
Bananes\Banana_343.jpg,Bananes
Bananes\Banana_189.jpg,Bananes
Bananes\Banana_249.jpg,Bananes
Pommes\Apple Braeburn_276.jpg,Pommes
Orange\Orange_13.jpg,Orange
Bananes\Banana_317.jpg,Bananes
Orange\Orange_266.jpg,Orange
Orange\Orange_166.jpg,Orange
Orange\Orange_380.jpg,Orange
Bananes\Banana_462.jpg,Bananes
Orange\Orange_57.jpg,Orange
Pommes\Apple Braeburn_403.jpg,Pommes
Bananes\Banana_133.jpg,Bananes
Bananes\Banana_295.jpg,Bananes
Pommes\Apple Braeburn_176.jpg,Pommes
Orange\Orange_414.jpg,Orange
Orange\Orange_451.jpg,Orange
Bananes\Banana_422.jpg,Bananes
Orange\Orange_244.jpg,Orange
Bananes\Banana_284.jpg,Bananes
Orange\Orange_214.jpg,Orange
Orange\Orange_311.jpg,Orange
Pommes\Apple Braeburn_242.jpg,Pommes
Orange\Orange_348.jpg,Orange
Orange\Orange_110.jpg,Orange
Bananes\Banana_420.jpg,Bananes
Pommes\Apple Braeburn_326.jpg,Pommes
Bananes\Banana_29.jpg,Bananes
Pommes\Apple Braeburn_371.jpg,Pommes
Bananes\Banana_194.jpg,Bananes
Pommes\Apple Braeburn_413.jpg,Pommes
Orange\Orange_93.jpg,Orange
Bananes\Banana_146.jpg,Bananes
Pommes\Apple Braeburn_124.jpg,Pommes
Pommes\Apple Braeburn_160.jpg,Pommes
Bananes\Banana_101.jpg,Bananes
Pommes\Apple Braeburn_259.jpg,Pommes
Bananes\Banana_254.jpg,Bananes
Pommes\Apple Braeburn_180.jpg,Pommes
Pommes\Apple Braeburn_455.jpg,Pommes
Bananes\Banana_413.jpg,Bananes
Pommes\Apple Braeburn_1.jpg,Pommes
Bananes\Banana_222.jpg,Bananes
Pommes\Apple Braeburn_313.jpg,Pommes
Pommes\Apple Braeburn_304.jpg,Pommes
Bananes\Banana_242.jpg,Bananes
Bananes\Banana_475.jpg,Bananes
Pommes\Apple Braeburn_485.jpg,Pommes
Bananes\Banana_158.jpg,Bananes
Bananes\Banana_223.jpg,Bananes
Pommes\Apple Braeburn_322.jpg,Pommes
Pommes\Apple Braeburn_157.jpg,Pommes
Bananes\Banana_115.jpg,Bananes
Bananes\Banana_34.jpg,Bananes
Orange\Orange_297.jpg,Orange
Pommes\Apple Braeburn_215.jpg,Pommes
Pommes\Apple Braeburn_344.jpg,Pommes
Pommes\Apple Braeburn_204.jpg,Pommes
Orange\Orange_342.jpg,Orange
Pommes\Apple Braeburn_145.jpg,Pommes
Pommes\Apple Braeburn_357.jpg,Pommes
Pommes\Apple Braeburn_10.jpg,Pommes
Orange\Orange_391.jpg,Orange
Pommes\Apple Braeburn_314.jpg,Pommes
Pommes\Apple Braeburn_116.jpg,Pommes
Bananes\Banana_301.jpg,Bananes
Orange\Orange_262.jpg,Orange
Orange\Orange_69.jpg,Orange
Bananes\Banana_321.jpg,Bananes
Pommes\Apple Braeburn_202.jpg,Pommes
Pommes\Apple Braeburn_144.jpg,Pommes
Bananes\Banana_46.jpg,Bananes
Orange\Orange_268.jpg,Orange
Bananes\Banana_463.jpg,Bananes
Bananes\Banana_44.jpg,Bananes
Bananes\Banana_105.jpg,Bananes
Orange\Orange_301.jpg,Orange
Orange\Orange_47.jpg,Orange
Orange\Orange_326.jpg,Orange
Orange\Orange_54.jpg,Orange
Pommes\Apple Braeburn_290.jpg,Pommes
Pommes\Apple Braeburn_469.jpg,Pommes
Pommes\Apple Braeburn_63.jpg,Pommes
Orange\Orange_265.jpg,Orange
Bananes\Banana_396.jpg,Bananes
Pommes\Apple Braeburn_38.jpg,Pommes
Orange\Orange_405.jpg,Orange
Bananes\Banana_51.jpg,Bananes
Orange\Orange_335.jpg,Orange
Orange\Orange_146.jpg,Orange
Orange\Orange_424.jpg,Orange
Pommes\Apple Braeburn_81.jpg,Pommes
Orange\Orange_188.jpg,Orange
Pommes\Apple Braeburn_376.jpg,Pommes
Pommes\Apple Braeburn_402.jpg,Pommes
Pommes\Apple Braeburn_78.jpg,Pommes
Orange\Orange_285.jpg,Orange
Pommes\Apple Braeburn_459.jpg,Pommes
Pommes\Apple Braeburn_82.jpg,Pommes
Bananes\Banana_192.jpg,Bananes
Orange\Orange_109.jpg,Orange
Pommes\Apple Braeburn_65.jpg,Pommes
Bananes\Banana_160.jpg,Bananes
Orange\Orange_186.jpg,Orange
Pommes\Apple Braeburn_351.jpg,Pommes
Orange\Orange_446.jpg,Orange
Orange\Orange_84.jpg,Orange
Bananes\Banana_230.jpg,Bananes
Orange\Orange_319.jpg,Orange
Bananes\Banana_332.jpg,Bananes
Pommes\Apple Braeburn_172.jpg,Pommes
Bananes\Banana_227.jpg,Bananes
Orange\Orange_395.jpg,Orange
Pommes\Apple Braeburn_419.jpg,Pommes
Bananes\Banana_205.jpg,Bananes
Pommes\Apple Braeburn_381.jpg,Pommes
Bananes\Banana_169.jpg,Bananes
Bananes\Banana_283.jpg,Bananes
Bananes\Banana_364.jpg,Bananes
Bananes\Banana_208.jpg,Bananes
Orange\Orange_66.jpg,Orange
Orange\Orange_238.jpg,Orange
Pommes\Apple Braeburn_31.jpg,Pommes
Bananes\Banana_90.jpg,Bananes
Pommes\Apple Braeburn_165.jpg,Pommes
Bananes\Banana_427.jpg,Bananes
Orange\Orange_459.jpg,Orange
Orange\Orange_5.jpg,Orange
Bananes\Banana_68.jpg,Bananes
Bananes\Banana_198.jpg,Bananes
Orange\Orange_63.jpg,Orange
Pommes\Apple Braeburn_33.jpg,Pommes
Orange\Orange_450.jpg,Orange
Pommes\Apple Braeburn_270.jpg,Pommes
Pommes\Apple Braeburn_239.jpg,Pommes
Pommes\Apple Braeburn_22.jpg,Pommes
Bananes\Banana_54.jpg,Bananes
Bananes\Banana_266.jpg,Bananes
Pommes\Apple Braeburn_267.jpg,Pommes
Bananes\Banana_83.jpg,Bananes
Orange\Orange_416.jpg,Orange
Bananes\Banana_482.jpg,Bananes
Orange\Orange_456.jpg,Orange
Orange\Orange_239.jpg,Orange
Bananes\Banana_237.jpg,Bananes
Pommes\Apple Braeburn_206.jpg,Pommes
Orange\Orange_333.jpg,Orange
Pommes\Apple Braeburn_400.jpg,Pommes
Pommes\Apple Braeburn_17.jpg,Pommes
Orange\Orange_470.jpg,Orange
Orange\Orange_144.jpg,Orange
Pommes\Apple Braeburn_199.jpg,Pommes
Orange\Orange_432.jpg,Orange
Orange\Orange_12.jpg,Orange
Orange\Orange_184.jpg,Orange
Pommes\Apple Braeburn_286.jpg,Pommes
Orange\Orange_162.jpg,Orange
Orange\Orange_183.jpg,Orange
Orange\Orange_442.jpg,Orange
Pommes\Apple Braeburn_399.jpg,Pommes
Pommes\Apple Braeburn_127.jpg,Pommes
Orange\Orange_295.jpg,Orange
Orange\Orange_381.jpg,Orange
Bananes\Banana_164.jpg,Bananes
Orange\Orange_292.jpg,Orange
Bananes\Banana_64.jpg,Bananes
Bananes\Banana_91.jpg,Bananes
Bananes\Banana_245.jpg,Bananes
Pommes\Apple Braeburn_393.jpg,Pommes
Bananes\Banana_200.jpg,Bananes
Bananes\Banana_69.jpg,Bananes
Orange\Orange_192.jpg,Orange
Bananes\Banana_153.jpg,Bananes
Orange\Orange_174.jpg,Orange
Bananes\Banana_435.jpg,Bananes
Pommes\Apple Braeburn_379.jpg,Pommes
Bananes\Banana_412.jpg,Bananes
Orange\Orange_410.jpg,Orange
Pommes\Apple Braeburn_327.jpg,Pommes
Pommes\Apple Braeburn_25.jpg,Pommes
Pommes\Apple Braeburn_14.jpg,Pommes
Orange\Orange_387.jpg,Orange
Bananes\Banana_485.jpg,Bananes
Bananes\Banana_120.jpg,Bananes
Bananes\Banana_243.jpg,Bananes
Bananes\Banana_71.jpg,Bananes
Bananes\Banana_187.jpg,Bananes
Orange\Orange_205.jpg,Orange
Orange\Orange_73.jpg,Orange
Orange\Orange_448.jpg,Orange
Bananes\Banana_444.jpg,Bananes
Orange\Orange_72.jpg,Orange
Orange\Orange_350.jpg,Orange
Bananes\Banana_135.jpg,Bananes
Bananes\Banana_279.jpg,Bananes
Orange\Orange_234.jpg,Orange
Bananes\Banana_373.jpg,Bananes
Pommes\Apple Braeburn_76.jpg,Pommes
Orange\Orange_52.jpg,Orange
Orange\Orange_39.jpg,Orange
Bananes\Banana_132.jpg,Bananes
Bananes\Banana_232.jpg,Bananes
Orange\Orange_252.jpg,Orange
Pommes\Apple Braeburn_181.jpg,Pommes
Pommes\Apple Braeburn_113.jpg,Pommes
Orange\Orange_108.jpg,Orange
Pommes\Apple Braeburn_48.jpg,Pommes
Orange\Orange_477.jpg,Orange
Pommes\Apple Braeburn_437.jpg,Pommes
Pommes\Apple Braeburn_447.jpg,Pommes
Bananes\Banana_351.jpg,Bananes
Pommes\Apple Braeburn_241.jpg,Pommes
Orange\Orange_256.jpg,Orange
Bananes\Banana_234.jpg,Bananes
Orange\Orange_290.jpg,Orange
Bananes\Banana_425.jpg,Bananes
Orange\Orange_352.jpg,Orange
Orange\Orange_307.jpg,Orange
Pommes\Apple Braeburn_347.jpg,Pommes
Orange\Orange_67.jpg,Orange
Pommes\Apple Braeburn_84.jpg,Pommes
Pommes\Apple Braeburn_451.jpg,Pommes
Orange\Orange_213.jpg,Orange
Pommes\Apple Braeburn_444.jpg,Pommes
Bananes\Banana_379.jpg,Bananes
Pommes\Apple Braeburn_123.jpg,Pommes
Pommes\Apple Braeburn_97.jpg,Pommes
Pommes\Apple Braeburn_377.jpg,Pommes
Pommes\Apple Braeburn_187.jpg,Pommes
Pommes\Apple Braeburn_6.jpg,Pommes
Orange\Orange_286.jpg,Orange
Orange\Orange_472.jpg,Orange
Bananes\Banana_39.jpg,Bananes
Bananes\Banana_448.jpg,Bananes
Pommes\Apple Braeburn_405.jpg,Pommes
Bananes\Banana_312.jpg,Bananes
Pommes\Apple Braeburn_166.jpg,Pommes
Bananes\Banana_294.jpg,Bananes
Pommes\Apple Braeburn_337.jpg,Pommes
Pommes\Apple Braeburn_230.jpg,Pommes
Pommes\Apple Braeburn_467.jpg,Pommes
Orange\Orange_403.jpg,Orange
Orange\Orange_171.jpg,Orange
Bananes\Banana_163.jpg,Bananes
Bananes\Banana_353.jpg,Bananes
Pommes\Apple Braeburn_441.jpg,Pommes
Pommes\Apple Braeburn_161.jpg,Pommes
Bananes\Banana_265.jpg,Bananes
Pommes\Apple Braeburn_0.jpg,Pommes
Orange\Orange_121.jpg,Orange
Orange\Orange_137.jpg,Orange
Pommes\Apple Braeburn_103.jpg,Pommes
Pommes\Apple Braeburn_126.jpg,Pommes
Bananes\Banana_370.jpg,Bananes
Orange\Orange_120.jpg,Orange
Pommes\Apple Braeburn_387.jpg,Pommes
Pommes\Apple Braeburn_287.jpg,Pommes
Bananes\Banana_303.jpg,Bananes
Pommes\Apple Braeburn_29.jpg,Pommes
Orange\Orange_142.jpg,Orange
Orange\Orange_436.jpg,Orange
Bananes\Banana_325.jpg,Bananes
Orange\Orange_3.jpg,Orange
Orange\Orange_26.jpg,Orange
Pommes\Apple Braeburn_213.jpg,Pommes
Orange\Orange_193.jpg,Orange
Bananes\Banana_220.jpg,Bananes
Bananes\Banana_176.jpg,Bananes
Pommes\Apple Braeburn_170.jpg,Pommes
Orange\Orange_419.jpg,Orange
Pommes\Apple Braeburn_91.jpg,Pommes
Bananes\Banana_415.jpg,Bananes
Orange\Orange_159.jpg,Orange
Pommes\Apple Braeburn_125.jpg,Pommes
Bananes\Banana_405.jpg,Bananes
Orange\Orange_216.jpg,Orange
Bananes\Banana_461.jpg,Bananes
Bananes\Banana_207.jpg,Bananes
Orange\Orange_444.jpg,Orange
Orange\Orange_35.jpg,Orange
Bananes\Banana_329.jpg,Bananes
Pommes\Apple Braeburn_246.jpg,Pommes
Pommes\Apple Braeburn_325.jpg,Pommes
Bananes\Banana_327.jpg,Bananes
Pommes\Apple Braeburn_86.jpg,Pommes
Orange\Orange_357.jpg,Orange
Pommes\Apple Braeburn_471.jpg,Pommes
Pommes\Apple Braeburn_115.jpg,Pommes
Orange\Orange_8.jpg,Orange
Pommes\Apple Braeburn_109.jpg,Pommes
Pommes\Apple Braeburn_345.jpg,Pommes
Pommes\Apple Braeburn_182.jpg,Pommes
Bananes\Banana_140.jpg,Bananes
Orange\Orange_114.jpg,Orange
Pommes\Apple Braeburn_343.jpg,Pommes
Pommes\Apple Braeburn_244.jpg,Pommes
Pommes\Apple Braeburn_99.jpg,Pommes
Pommes\Apple Braeburn_192.jpg,Pommes
Pommes\Apple Braeburn_137.jpg,Pommes
Pommes\Apple Braeburn_396.jpg,Pommes
Bananes\Banana_340.jpg,Bananes
Pommes\Apple Braeburn_74.jpg,Pommes
Bananes\Banana_8.jpg,Bananes
Bananes\Banana_392.jpg,Bananes
Bananes\Banana_13.jpg,Bananes
Pommes\Apple Braeburn_439.jpg,Pommes
Orange\Orange_64.jpg,Orange
Orange\Orange_374.jpg,Orange
Pommes\Apple Braeburn_358.jpg,Pommes
Orange\Orange_462.jpg,Orange
Pommes\Apple Braeburn_284.jpg,Pommes
Bananes\Banana_193.jpg,Bananes
Bananes\Banana_147.jpg,Bananes
Orange\Orange_339.jpg,Orange
Orange\Orange_40.jpg,Orange
Bananes\Banana_282.jpg,Bananes
Orange\Orange_24.jpg,Orange
Pommes\Apple Braeburn_221.jpg,Pommes
Bananes\Banana_226.jpg,Bananes
Pommes\Apple Braeburn_173.jpg,Pommes
Bananes\Banana_453.jpg,Bananes
Pommes\Apple Braeburn_55.jpg,Pommes
Bananes\Banana_121.jpg,Bananes
Pommes\Apple Braeburn_167.jpg,Pommes
Orange\Orange_122.jpg,Orange
Bananes\Banana_62.jpg,Bananes
Orange\Orange_427.jpg,Orange
Pommes\Apple Braeburn_324.jpg,Pommes
Pommes\Apple Braeburn_283.jpg,Pommes
Bananes\Banana_470.jpg,Bananes
Pommes\Apple Braeburn_417.jpg,Pommes
Bananes\Banana_416.jpg,Bananes
Orange\Orange_51.jpg,Orange
Orange\Orange_281.jpg,Orange
Bananes\Banana_487.jpg,Bananes
Pommes\Apple Braeburn_162.jpg,Pommes
Pommes\Apple Braeburn_183.jpg,Pommes
Orange\Orange_75.jpg,Orange
Bananes\Banana_417.jpg,Bananes
Orange\Orange_145.jpg,Orange
Orange\Orange_299.jpg,Orange
Pommes\Apple Braeburn_482.jpg,Pommes
Pommes\Apple Braeburn_277.jpg,Pommes
Pommes\Apple Braeburn_293.jpg,Pommes
Bananes\Banana_16.jpg,Bananes
Bananes\Banana_306.jpg,Bananes
Bananes\Banana_100.jpg,Bananes
Orange\Orange_112.jpg,Orange
Orange\Orange_161.jpg,Orange
Pommes\Apple Braeburn_150.jpg,Pommes
Pommes\Apple Braeburn_9.jpg,Pommes
Bananes\Banana_291.jpg,Bananes
Bananes\Banana_58.jpg,Bananes
Pommes\Apple Braeburn_306.jpg,Pommes
Pommes\Apple Braeburn_464.jpg,Pommes
Orange\Orange_344.jpg,Orange
Bananes\Banana_277.jpg,Bananes
Orange\Orange_288.jpg,Orange
Pommes\Apple Braeburn_342.jpg,Pommes
Bananes\Banana_434.jpg,Bananes
Pommes\Apple Braeburn_424.jpg,Pommes
Pommes\Apple Braeburn_179.jpg,Pommes
Pommes\Apple Braeburn_236.jpg,Pommes
Bananes\Banana_402.jpg,Bananes
Orange\Orange_34.jpg,Orange
Bananes\Banana_326.jpg,Bananes
Bananes\Banana_139.jpg,Bananes
Bananes\Banana_225.jpg,Bananes
Bananes\Banana_338.jpg,Bananes
Orange\Orange_165.jpg,Orange
Orange\Orange_340.jpg,Orange
Bananes\Banana_52.jpg,Bananes
Orange\Orange_37.jpg,Orange
Orange\Orange_360.jpg,Orange
Bananes\Banana_260.jpg,Bananes
Orange\Orange_94.jpg,Orange
Bananes\Banana_195.jpg,Bananes
Pommes\Apple Braeburn_332.jpg,Pommes
Orange\Orange_44.jpg,Orange
Bananes\Banana_293.jpg,Bananes
Pommes\Apple Braeburn_118.jpg,Pommes
Bananes\Banana_468.jpg,Bananes
Bananes\Banana_349.jpg,Bananes
Orange\Orange_80.jpg,Orange
Bananes\Banana_88.jpg,Bananes
Bananes\Banana_87.jpg,Bananes
Bananes\Banana_86.jpg,Bananes
Orange\Orange_245.jpg,Orange
Bananes\Banana_41.jpg,Bananes
Orange\Orange_134.jpg,Orange
Orange\Orange_211.jpg,Orange
Bananes\Banana_233.jpg,Bananes
Bananes\Banana_390.jpg,Bananes
Bananes\Banana_430.jpg,Bananes
Pommes\Apple Braeburn_79.jpg,Pommes
Orange\Orange_208.jpg,Orange
Pommes\Apple Braeburn_331.jpg,Pommes
Bananes\Banana_333.jpg,Bananes
Bananes\Banana_229.jpg,Bananes
Orange\Orange_447.jpg,Orange
Pommes\Apple Braeburn_433.jpg,Pommes
Bananes\Banana_355.jpg,Bananes
Orange\Orange_303.jpg,Orange
Orange\Orange_386.jpg,Orange
Bananes\Banana_384.jpg,Bananes
Orange\Orange_315.jpg,Orange
Bananes\Banana_197.jpg,Bananes
Orange\Orange_437.jpg,Orange
Pommes\Apple Braeburn_158.jpg,Pommes
Bananes\Banana_149.jpg,Bananes
Pommes\Apple Braeburn_445.jpg,Pommes
Orange\Orange_449.jpg,Orange
Bananes\Banana_113.jpg,Bananes
Pommes\Apple Braeburn_247.jpg,Pommes
Pommes\Apple Braeburn_307.jpg,Pommes
Orange\Orange_182.jpg,Orange
Pommes\Apple Braeburn_178.jpg,Pommes
Orange\Orange_400.jpg,Orange
Pommes\Apple Braeburn_478.jpg,Pommes
Bananes\Banana_127.jpg,Bananes
Bananes\Banana_214.jpg,Bananes
Orange\Orange_221.jpg,Orange
Bananes\Banana_3.jpg,Bananes
Bananes\Banana_418.jpg,Bananes
Bananes\Banana_307.jpg,Bananes
Orange\Orange_298.jpg,Orange
Bananes\Banana_285.jpg,Bananes
Orange\Orange_376.jpg,Orange
Pommes\Apple Braeburn_435.jpg,Pommes
Pommes\Apple Braeburn_426.jpg,Pommes
Pommes\Apple Braeburn_472.jpg,Pommes
Pommes\Apple Braeburn_311.jpg,Pommes
Orange\Orange_421.jpg,Orange
Orange\Orange_441.jpg,Orange
Pommes\Apple Braeburn_338.jpg,Pommes
Bananes\Banana_73.jpg,Bananes
Bananes\Banana_97.jpg,Bananes
Bananes\Banana_367.jpg,Bananes
Pommes\Apple Braeburn_64.jpg,Pommes
Orange\Orange_77.jpg,Orange
Bananes\Banana_344.jpg,Bananes
Bananes\Banana_218.jpg,Bananes
Orange\Orange_133.jpg,Orange
Orange\Orange_278.jpg,Orange
Orange\Orange_358.jpg,Orange
Orange\Orange_349.jpg,Orange
Pommes\Apple Braeburn_107.jpg,Pommes
Bananes\Banana_136.jpg,Bananes
Pommes\Apple Braeburn_148.jpg,Pommes
Orange\Orange_83.jpg,Orange
Orange\Orange_18.jpg,Orange
Orange\Orange_217.jpg,Orange
Pommes\Apple Braeburn_233.jpg,Pommes
Pommes\Apple Braeburn_491.jpg,Pommes
Orange\Orange_322.jpg,Orange
Bananes\Banana_14.jpg,Bananes
Orange\Orange_434.jpg,Orange
Orange\Orange_452.jpg,Orange
Pommes\Apple Braeburn_223.jpg,Pommes
Bananes\Banana_177.jpg,Bananes
Bananes\Banana_7.jpg,Bananes
Pommes\Apple Braeburn_416.jpg,Pommes
Bananes\Banana_389.jpg,Bananes
Bananes\Banana_346.jpg,Bananes
Pommes\Apple Braeburn_366.jpg,Pommes
Bananes\Banana_263.jpg,Bananes
Bananes\Banana_486.jpg,Bananes
Bananes\Banana_65.jpg,Bananes
Orange\Orange_435.jpg,Orange
Orange\Orange_243.jpg,Orange
Pommes\Apple Braeburn_340.jpg,Pommes
Orange\Orange_224.jpg,Orange
Pommes\Apple Braeburn_479.jpg,Pommes
Orange\Orange_355.jpg,Orange
Pommes\Apple Braeburn_36.jpg,Pommes
Orange\Orange_119.jpg,Orange
Pommes\Apple Braeburn_87.jpg,Pommes
Orange\Orange_445.jpg,Orange
Bananes\Banana_235.jpg,Bananes
Orange\Orange_267.jpg,Orange
Orange\Orange_7.jpg,Orange
Bananes\Banana_156.jpg,Bananes
Bananes\Banana_273.jpg,Bananes
Bananes\Banana_403.jpg,Bananes
Orange\Orange_61.jpg,Orange
Orange\Orange_359.jpg,Orange
Bananes\Banana_287.jpg,Bananes
Bananes\Banana_476.jpg,Bananes
Bananes\Banana_181.jpg,Bananes
Pommes\Apple Braeburn_18.jpg,Pommes
Orange\Orange_275.jpg,Orange
Pommes\Apple Braeburn_70.jpg,Pommes
Bananes\Banana_398.jpg,Bananes
Orange\Orange_368.jpg,Orange
Pommes\Apple Braeburn_308.jpg,Pommes
Bananes\Banana_30.jpg,Bananes
Orange\Orange_411.jpg,Orange
Orange\Orange_229.jpg,Orange
Pommes\Apple Braeburn_336.jpg,Pommes
Pommes\Apple Braeburn_159.jpg,Pommes
Pommes\Apple Braeburn_245.jpg,Pommes
Orange\Orange_226.jpg,Orange
Orange\Orange_346.jpg,Orange
Orange\Orange_425.jpg,Orange
Pommes\Apple Braeburn_348.jpg,Pommes
Bananes\Banana_481.jpg,Bananes
Orange\Orange_151.jpg,Orange
Orange\Orange_104.jpg,Orange
Bananes\Banana_441.jpg,Bananes
Orange\Orange_364.jpg,Orange
Bananes\Banana_264.jpg,Bananes
Orange\Orange_378.jpg,Orange
Pommes\Apple Braeburn_333.jpg,Pommes
Orange\Orange_454.jpg,Orange
Bananes\Banana_442.jpg,Bananes
Pommes\Apple Braeburn_271.jpg,Pommes
Pommes\Apple Braeburn_298.jpg,Pommes
Pommes\Apple Braeburn_353.jpg,Pommes
Pommes\Apple Braeburn_415.jpg,Pommes
Bananes\Banana_334.jpg,Bananes
Orange\Orange_111.jpg,Orange
Pommes\Apple Braeburn_489.jpg,Pommes
Bananes\Banana_32.jpg,Bananes
Orange\Orange_309.jpg,Orange
Orange\Orange_258.jpg,Orange
Orange\Orange_96.jpg,Orange
Pommes\Apple Braeburn_104.jpg,Pommes
Pommes\Apple Braeburn_89.jpg,Pommes
Bananes\Banana_436.jpg,Bananes
Bananes\Banana_126.jpg,Bananes
Orange\Orange_160.jpg,Orange
Pommes\Apple Braeburn_90.jpg,Pommes
Pommes\Apple Braeburn_153.jpg,Pommes
Pommes\Apple Braeburn_134.jpg,Pommes
Pommes\Apple Braeburn_421.jpg,Pommes
Pommes\Apple Braeburn_264.jpg,Pommes
Bananes\Banana_124.jpg,Bananes
Bananes\Banana_480.jpg,Bananes
Orange\Orange_469.jpg,Orange
Orange\Orange_9.jpg,Orange
Pommes\Apple Braeburn_80.jpg,Pommes
Orange\Orange_131.jpg,Orange
Orange\Orange_246.jpg,Orange
Pommes\Apple Braeburn_188.jpg,Pommes
Pommes\Apple Braeburn_101.jpg,Pommes
Bananes\Banana_80.jpg,Bananes
Orange\Orange_383.jpg,Orange
Bananes\Banana_471.jpg,Bananes
Pommes\Apple Braeburn_128.jpg,Pommes
Orange\Orange_163.jpg,Orange
Bananes\Banana_137.jpg,Bananes
Pommes\Apple Braeburn_11.jpg,Pommes
Bananes\Banana_359.jpg,Bananes
Orange\Orange_422.jpg,Orange
Orange\Orange_394.jpg,Orange
Bananes\Banana_38.jpg,Bananes
Bananes\Banana_190.jpg,Bananes
Bananes\Banana_219.jpg,Bananes
Bananes\Banana_72.jpg,Bananes
Bananes\Banana_459.jpg,Bananes
Pommes\Apple Braeburn_310.jpg,Pommes
Bananes\Banana_438.jpg,Bananes
Pommes\Apple Braeburn_384.jpg,Pommes
Bananes\Banana_324.jpg,Bananes
Orange\Orange_284.jpg,Orange
Pommes\Apple Braeburn_32.jpg,Pommes
Pommes\Apple Braeburn_217.jpg,Pommes
Pommes\Apple Braeburn_193.jpg,Pommes
Bananes\Banana_174.jpg,Bananes
Bananes\Banana_168.jpg,Bananes
Orange\Orange_87.jpg,Orange
Pommes\Apple Braeburn_328.jpg,Pommes
Orange\Orange_254.jpg,Orange
Bananes\Banana_250.jpg,Bananes
Orange\Orange_463.jpg,Orange
Pommes\Apple Braeburn_260.jpg,Pommes
Bananes\Banana_368.jpg,Bananes
Bananes\Banana_15.jpg,Bananes
Orange\Orange_46.jpg,Orange
Pommes\Apple Braeburn_177.jpg,Pommes
Orange\Orange_230.jpg,Orange
Orange\Orange_261.jpg,Orange
Bananes\Banana_377.jpg,Bananes
Bananes\Banana_255.jpg,Bananes
Orange\Orange_353.jpg,Orange
Pommes\Apple Braeburn_476.jpg,Pommes
Bananes\Banana_361.jpg,Bananes
Orange\Orange_467.jpg,Orange
Orange\Orange_365.jpg,Orange
Orange\Orange_428.jpg,Orange
Pommes\Apple Braeburn_53.jpg,Pommes
Pommes\Apple Braeburn_299.jpg,Pommes
Bananes\Banana_74.jpg,Bananes
Pommes\Apple Braeburn_414.jpg,Pommes
Pommes\Apple Braeburn_461.jpg,Pommes
Orange\Orange_117.jpg,Orange
Bananes\Banana_400.jpg,Bananes
Bananes\Banana_107.jpg,Bananes
Pommes\Apple Braeburn_484.jpg,Pommes
Pommes\Apple Braeburn_380.jpg,Pommes
Orange\Orange_390.jpg,Orange
Bananes\Banana_372.jpg,Bananes
Bananes\Banana_43.jpg,Bananes
Orange\Orange_460.jpg,Orange
Bananes\Banana_202.jpg,Bananes
Bananes\Banana_37.jpg,Bananes
Bananes\Banana_244.jpg,Bananes
Pommes\Apple Braeburn_111.jpg,Pommes
Orange\Orange_209.jpg,Orange
Bananes\Banana_228.jpg,Bananes
Bananes\Banana_130.jpg,Bananes
Orange\Orange_91.jpg,Orange
Orange\Orange_323.jpg,Orange
Pommes\Apple Braeburn_67.jpg,Pommes
Pommes\Apple Braeburn_191.jpg,Pommes
Orange\Orange_332.jpg,Orange
Bananes\Banana_84.jpg,Bananes
Bananes\Banana_182.jpg,Bananes
Pommes\Apple Braeburn_425.jpg,Pommes
Bananes\Banana_78.jpg,Bananes
Orange\Orange_404.jpg,Orange
Orange\Orange_222.jpg,Orange
Bananes\Banana_12.jpg,Bananes
Orange\Orange_274.jpg,Orange
Bananes\Banana_96.jpg,Bananes
Bananes\Banana_446.jpg,Bananes
Bananes\Banana_315.jpg,Bananes
Bananes\Banana_278.jpg,Bananes
Pommes\Apple Braeburn_30.jpg,Pommes
Pommes\Apple Braeburn_397.jpg,Pommes
Pommes\Apple Braeburn_149.jpg,Pommes
Pommes\Apple Braeburn_189.jpg,Pommes
Pommes\Apple Braeburn_190.jpg,Pommes
Pommes\Apple Braeburn_49.jpg,Pommes
Pommes\Apple Braeburn_430.jpg,Pommes
Pommes\Apple Braeburn_280.jpg,Pommes
Orange\Orange_215.jpg,Orange
Bananes\Banana_165.jpg,Bananes
Orange\Orange_461.jpg,Orange
Pommes\Apple Braeburn_85.jpg,Pommes
Orange\Orange_218.jpg,Orange
Pommes\Apple Braeburn_203.jpg,Pommes
Orange\Orange_128.jpg,Orange
Orange\Orange_237.jpg,Orange
Orange\Orange_291.jpg,Orange
Pommes\Apple Braeburn_315.jpg,Pommes
Pommes\Apple Braeburn_42.jpg,Pommes
Pommes\Apple Braeburn_374.jpg,Pommes
Pommes\Apple Braeburn_321.jpg,Pommes
Pommes\Apple Braeburn_446.jpg,Pommes
Pommes\Apple Braeburn_257.jpg,Pommes
Orange\Orange_235.jpg,Orange
Bananes\Banana_56.jpg,Bananes
Bananes\Banana_143.jpg,Bananes
Orange\Orange_377.jpg,Orange
Orange\Orange_475.jpg,Orange
Bananes\Banana_465.jpg,Bananes
Orange\Orange_90.jpg,Orange
Bananes\Banana_93.jpg,Bananes
Bananes\Banana_387.jpg,Bananes
Pommes\Apple Braeburn_110.jpg,Pommes
Orange\Orange_32.jpg,Orange
Bananes\Banana_347.jpg,Bananes
Pommes\Apple Braeburn_248.jpg,Pommes
Bananes\Banana_472.jpg,Bananes
Pommes\Apple Braeburn_136.jpg,Pommes
Pommes\Apple Braeburn_423.jpg,Pommes
Pommes\Apple Braeburn_168.jpg,Pommes
Bananes\Banana_451.jpg,Bananes
Bananes\Banana_292.jpg,Bananes
Bananes\Banana_256.jpg,Bananes
Bananes\Banana_210.jpg,Bananes
Bananes\Banana_106.jpg,Bananes
Orange\Orange_249.jpg,Orange
Bananes\Banana_20.jpg,Bananes
Orange\Orange_71.jpg,Orange
Pommes\Apple Braeburn_152.jpg,Pommes
Bananes\Banana_335.jpg,Bananes
Pommes\Apple Braeburn_408.jpg,Pommes
Pommes\Apple Braeburn_434.jpg,Pommes
Bananes\Banana_201.jpg,Bananes
Orange\Orange_439.jpg,Orange
Bananes\Banana_440.jpg,Bananes
Pommes\Apple Braeburn_208.jpg,Pommes
Orange\Orange_429.jpg,Orange
Pommes\Apple Braeburn_436.jpg,Pommes
Pommes\Apple Braeburn_341.jpg,Pommes
Pommes\Apple Braeburn_4.jpg,Pommes
Bananes\Banana_251.jpg,Bananes
Pommes\Apple Braeburn_146.jpg,Pommes
Pommes\Apple Braeburn_466.jpg,Pommes
Orange\Orange_223.jpg,Orange
Orange\Orange_399.jpg,Orange
Orange\Orange_27.jpg,Orange
Pommes\Apple Braeburn_458.jpg,Pommes
Orange\Orange_385.jpg,Orange
Pommes\Apple Braeburn_92.jpg,Pommes
Bananes\Banana_439.jpg,Bananes
Orange\Orange_147.jpg,Orange
Bananes\Banana_117.jpg,Bananes
Orange\Orange_247.jpg,Orange
Orange\Orange_173.jpg,Orange
Pommes\Apple Braeburn_186.jpg,Pommes
Bananes\Banana_393.jpg,Bananes
Pommes\Apple Braeburn_398.jpg,Pommes
Orange\Orange_296.jpg,Orange
Pommes\Apple Braeburn_456.jpg,Pommes
Pommes\Apple Braeburn_207.jpg,Pommes
Pommes\Apple Braeburn_289.jpg,Pommes
Orange\Orange_149.jpg,Orange
Pommes\Apple Braeburn_46.jpg,Pommes
Bananes\Banana_4.jpg,Bananes
Bananes\Banana_380.jpg,Bananes
Orange\Orange_334.jpg,Orange
Orange\Orange_269.jpg,Orange
Bananes\Banana_122.jpg,Bananes
Orange\Orange_219.jpg,Orange
Bananes\Banana_215.jpg,Bananes
Orange\Orange_354.jpg,Orange
Bananes\Banana_6.jpg,Bananes
Bananes\Banana_196.jpg,Bananes
Pommes\Apple Braeburn_220.jpg,Pommes
Bananes\Banana_460.jpg,Bananes
Pommes\Apple Braeburn_272.jpg,Pommes
Pommes\Apple Braeburn_238.jpg,Pommes
Orange\Orange_98.jpg,Orange
Bananes\Banana_429.jpg,Bananes
Bananes\Banana_241.jpg,Bananes
Pommes\Apple Braeburn_68.jpg,Pommes
Pommes\Apple Braeburn_420.jpg,Pommes
Bananes\Banana_342.jpg,Bananes
Orange\Orange_14.jpg,Orange
Pommes\Apple Braeburn_96.jpg,Pommes
Bananes\Banana_185.jpg,Bananes
Bananes\Banana_173.jpg,Bananes
Orange\Orange_320.jpg,Orange
Orange\Orange_179.jpg,Orange
Bananes\Banana_26.jpg,Bananes
Pommes\Apple Braeburn_364.jpg,Pommes
Pommes\Apple Braeburn_477.jpg,Pommes
Bananes\Banana_410.jpg,Bananes
Pommes\Apple Braeburn_320.jpg,Pommes
Pommes\Apple Braeburn_394.jpg,Pommes
Orange\Orange_453.jpg,Orange
Bananes\Banana_397.jpg,Bananes
Pommes\Apple Braeburn_452.jpg,Pommes
Pommes\Apple Braeburn_19.jpg,Pommes
Pommes\Apple Braeburn_450.jpg,Pommes
Bananes\Banana_464.jpg,Bananes
Bananes\Banana_45.jpg,Bananes
Pommes\Apple Braeburn_73.jpg,Pommes
Pommes\Apple Braeburn_229.jpg,Pommes
Pommes\Apple Braeburn_318.jpg,Pommes
Pommes\Apple Braeburn_486.jpg,Pommes
Bananes\Banana_66.jpg,Bananes
Orange\Orange_343.jpg,Orange
Orange\Orange_220.jpg,Orange
Pommes\Apple Braeburn_102.jpg,Pommes
Orange\Orange_398.jpg,Orange
Orange\Orange_30.jpg,Orange
Orange\Orange_187.jpg,Orange
Orange\Orange_199.jpg,Orange
Bananes\Banana_305.jpg,Bananes
Pommes\Apple Braeburn_316.jpg,Pommes
Bananes\Banana_290.jpg,Bananes
Orange\Orange_396.jpg,Orange
Bananes\Banana_253.jpg,Bananes
Bananes\Banana_362.jpg,Bananes
Orange\Orange_139.jpg,Orange
Bananes\Banana_49.jpg,Bananes
Pommes\Apple Braeburn_169.jpg,Pommes
Orange\Orange_273.jpg,Orange
Orange\Orange_366.jpg,Orange
Pommes\Apple Braeburn_292.jpg,Pommes
Bananes\Banana_231.jpg,Bananes
Pommes\Apple Braeburn_390.jpg,Pommes
Pommes\Apple Braeburn_335.jpg,Pommes
Pommes\Apple Braeburn_135.jpg,Pommes
Orange\Orange_277.jpg,Orange
Pommes\Apple Braeburn_57.jpg,Pommes
Pommes\Apple Braeburn_156.jpg,Pommes
Pommes\Apple Braeburn_291.jpg,Pommes
Bananes\Banana_203.jpg,Bananes
Pommes\Apple Braeburn_369.jpg,Pommes
Pommes\Apple Braeburn_155.jpg,Pommes
Bananes\Banana_112.jpg,Bananes
Orange\Orange_417.jpg,Orange
Bananes\Banana_24.jpg,Bananes
Pommes\Apple Braeburn_24.jpg,Pommes
Pommes\Apple Braeburn_249.jpg,Pommes
Bananes\Banana_395.jpg,Bananes
Orange\Orange_4.jpg,Orange
Bananes\Banana_104.jpg,Bananes
Pommes\Apple Braeburn_198.jpg,Pommes
Orange\Orange_125.jpg,Orange
Bananes\Banana_224.jpg,Bananes
Pommes\Apple Braeburn_453.jpg,Pommes
Bananes\Banana_261.jpg,Bananes
Bananes\Banana_119.jpg,Bananes
Bananes\Banana_363.jpg,Bananes
Bananes\Banana_125.jpg,Bananes
Bananes\Banana_28.jpg,Bananes
Pommes\Apple Braeburn_140.jpg,Pommes
Pommes\Apple Braeburn_8.jpg,Pommes
Orange\Orange_321.jpg,Orange
Pommes\Apple Braeburn_302.jpg,Pommes
Orange\Orange_255.jpg,Orange
Pommes\Apple Braeburn_143.jpg,Pommes
Orange\Orange_317.jpg,Orange
Orange\Orange_228.jpg,Orange
Pommes\Apple Braeburn_427.jpg,Pommes
Bananes\Banana_330.jpg,Bananes
Pommes\Apple Braeburn_108.jpg,Pommes
Orange\Orange_116.jpg,Orange
Orange\Orange_194.jpg,Orange
Orange\Orange_433.jpg,Orange
Pommes\Apple Braeburn_28.jpg,Pommes
Orange\Orange_457.jpg,Orange
Orange\Orange_124.jpg,Orange
Orange\Orange_418.jpg,Orange
Pommes\Apple Braeburn_58.jpg,Pommes
Orange\Orange_138.jpg,Orange
Pommes\Apple Braeburn_317.jpg,Pommes
Orange\Orange_458.jpg,Orange
Orange\Orange_178.jpg,Orange
Bananes\Banana_458.jpg,Bananes
Pommes\Apple Braeburn_361.jpg,Pommes
Pommes\Apple Braeburn_266.jpg,Pommes
Pommes\Apple Braeburn_412.jpg,Pommes
Orange\Orange_401.jpg,Orange
Orange\Orange_345.jpg,Orange
Orange\Orange_86.jpg,Orange
Pommes\Apple Braeburn_195.jpg,Pommes
Bananes\Banana_341.jpg,Bananes
Bananes\Banana_310.jpg,Bananes
Pommes\Apple Braeburn_114.jpg,Pommes
Bananes\Banana_421.jpg,Bananes
Bananes\Banana_161.jpg,Bananes
Pommes\Apple Braeburn_275.jpg,Pommes
Bananes\Banana_478.jpg,Bananes
Bananes\Banana_144.jpg,Bananes
Orange\Orange_55.jpg,Orange
Orange\Orange_106.jpg,Orange
Bananes\Banana_302.jpg,Bananes
Bananes\Banana_171.jpg,Bananes
Bananes\Banana_172.jpg,Bananes
Orange\Orange_203.jpg,Orange
Bananes\Banana_432.jpg,Bananes
Bananes\Banana_428.jpg,Bananes
Pommes\Apple Braeburn_201.jpg,Pommes
Pommes\Apple Braeburn_487.jpg,Pommes
Orange\Orange_204.jpg,Orange
Bananes\Banana_297.jpg,Bananes
Pommes\Apple Braeburn_295.jpg,Pommes
Pommes\Apple Braeburn_309.jpg,Pommes
Pommes\Apple Braeburn_15.jpg,Pommes
Orange\Orange_28.jpg,Orange
Orange\Orange_227.jpg,Orange
Orange\Orange_115.jpg,Orange
Pommes\Apple Braeburn_256.jpg,Pommes
Bananes\Banana_276.jpg,Bananes
Bananes\Banana_268.jpg,Bananes
Pommes\Apple Braeburn_27.jpg,Pommes
Pommes\Apple Braeburn_355.jpg,Pommes
Bananes\Banana_308.jpg,Bananes
Bananes\Banana_258.jpg,Bananes
Orange\Orange_103.jpg,Orange
Pommes\Apple Braeburn_352.jpg,Pommes
Orange\Orange_74.jpg,Orange
Bananes\Banana_199.jpg,Bananes
Pommes\Apple Braeburn_212.jpg,Pommes
Pommes\Apple Braeburn_210.jpg,Pommes
Pommes\Apple Braeburn_93.jpg,Pommes
Pommes\Apple Braeburn_12.jpg,Pommes
Orange\Orange_468.jpg,Orange
Orange\Orange_310.jpg,Orange
Bananes\Banana_289.jpg,Bananes
Pommes\Apple Braeburn_98.jpg,Pommes
Pommes\Apple Braeburn_35.jpg,Pommes
Orange\Orange_370.jpg,Orange
Bananes\Banana_443.jpg,Bananes
Pommes\Apple Braeburn_45.jpg,Pommes
Pommes\Apple Braeburn_263.jpg,Pommes
Orange\Orange_185.jpg,Orange
Orange\Orange_402.jpg,Orange
Pommes\Apple Braeburn_52.jpg,Pommes
Orange\Orange_154.jpg,Orange
Pommes\Apple Braeburn_251.jpg,Pommes
Orange\Orange_81.jpg,Orange
Bananes\Banana_2.jpg,Bananes
Pommes\Apple Braeburn_368.jpg,Pommes
Pommes\Apple Braeburn_94.jpg,Pommes
Bananes\Banana_67.jpg,Bananes
Orange\Orange_271.jpg,Orange
Bananes\Banana_89.jpg,Bananes
Orange\Orange_11.jpg,Orange
Pommes\Apple Braeburn_234.jpg,Pommes
Bananes\Banana_316.jpg,Bananes
Bananes\Banana_318.jpg,Bananes
Bananes\Banana_145.jpg,Bananes
Pommes\Apple Braeburn_252.jpg,Pommes
Bananes\Banana_19.jpg,Bananes
Orange\Orange_464.jpg,Orange
Orange\Orange_95.jpg,Orange
Orange\Orange_455.jpg,Orange
Pommes\Apple Braeburn_279.jpg,Pommes
Pommes\Apple Braeburn_112.jpg,Pommes
Pommes\Apple Braeburn_262.jpg,Pommes
Bananes\Banana_388.jpg,Bananes
Bananes\Banana_383.jpg,Bananes
Orange\Orange_201.jpg,Orange
Pommes\Apple Braeburn_356.jpg,Pommes
Bananes\Banana_288.jpg,Bananes
Pommes\Apple Braeburn_463.jpg,Pommes
Orange\Orange_272.jpg,Orange
Orange\Orange_60.jpg,Orange
Orange\Orange_53.jpg,Orange
Orange\Orange_102.jpg,Orange
Pommes\Apple Braeburn_349.jpg,Pommes
Pommes\Apple Braeburn_171.jpg,Pommes
Bananes\Banana_262.jpg,Bananes
Bananes\Banana_162.jpg,Bananes
Orange\Orange_59.jpg,Orange
Bananes\Banana_314.jpg,Bananes
Bananes\Banana_350.jpg,Bananes
